{
  "project_info": {
    "project_number": "356049598264",
    "firebase_url": "https://fastapp-8401.firebaseio.com",
    "project_id": "fastapp-8401",
    "storage_bucket": "fastapp-8401.appspot.com"
  },
  "client": [
    {
      "client_info": {
        "mobilesdk_app_id": "1:356049598264:android:a3688538a886ccaa",
        "android_client_info": {
          "package_name": "com.fastapp"
        }
      },
      "oauth_client": [
        {
          "client_id": "356049598264-h0mf1g8phite6989id5el0dn8em6lm6a.apps.googleusercontent.com",
          "client_type": 3
        },
        {
          "client_id": "356049598264-h0mf1g8phite6989id5el0dn8em6lm6a.apps.googleusercontent.com",
          "client_type": 3
        }
      ],
      "api_key": [
        {
          "current_key": "AIzaSyBt68DKST5iwA25PRS6EsxWeXQT2Ht3-B0"
        }
      ],
      "services": {
        "analytics_service": {
          "status": 1
        },
        "appinvite_service": {
          "status": 1,
          "other_platform_oauth_client": []
        },
        "ads_service": {
          "status": 2
        }
      }
    }
  ],
  "configuration_version": "1"
}